"Type.of.Sale","Amount","Year","Amount_num","Amount_real"
"Sales to New Zealand","2,965,172",2020,2965172,3553877.68175182
"Sales to Asia and Oceania - Other than Australia & New Zealand","454,006,753",2020,454006753,544145320.018978
"Sales to Asia and Oceania - Other than Australia & New Zealand","422,051,367",2022,422051367,458338852.257937
"Domestic breakdown not specified","36,208,501",2020,36208501,43397342.0744526
"Sales to Asia and Oceania - Other than Australia & New Zealand"," 377,864,839 ",2024,377864839,385614708.289621
"Sales to Australia","68,312,835",2020,68312835,81875675.2335766
"Sales to Australia","47,164,166",2022,47164166,51219286.0925926
"Sales to Australia"," 57,520,537 ",2024,57520537,58700262.1218148
"
Sales to Central America, the Caribbean, Mexico and South America","184,818,726",2020,184818726,221512662.840876
"Sales to Canadian federal government","4,363,056,798",2020,4363056798,5229298731.61752
"Sales to Canadian federal government","5,127,023,843",2022,5127023843,5567839385.05688
"Sales to Canadian federal government","3,295,983,635",2018,3295983635,4056975358.82309
"Sales to Canadian federal government","2,307,170,956",2016,2307170956,2950447593.2648
"Sales to Canadian federal government"," 6,422,987,972 ",2024,6422987972,6554721100.07707
"Sales to Central America, the Caribbean, and South America","146,626,830",2018,146626830,180480700.794603
"Sales to Central America, the Caribbean, and South America","74,266,264",2016,74266264,94972901.470405
"Sales to Central America, the Caribbean, Mexico and South America","157,587,656",2022,157587656,171136859.227513
"Sales to Central America, the Caribbean, Mexico and South America"," 163,599,919 ",2024,163599919,166955293.348664
"Domestic breakdown not specified"," 76,500,755 ",2024,76500755,78069757.4331883
"Sales to Europe other than United Kingdom","672,894,201",2020,672894201,806490713.89927
"Sales to Europe other than United Kingdom","724,932,449",2022,724932449,787261297.128307
"Sales to Europe other than United Kingdom","530,128,711",2018,530128711,652527243.974513
"Sales to Europe other than United Kingdom","582,481,680",2016,582481680,744887008.224299
"Sales to Europe other than United Kingdom"," 1,307,256,636 ",2024,1307256636,1334067990.24984
"Sales to Middle East and Africa","1,729,372,701",2020,1729372701,2072722609.51971
"Sales to Middle East and Africa","835,359,243",2022,835359243,907182458.337302
"Sales to Middle East and Africa","1,820,856,407",2018,1820856407,2241264033.2039
"Sales to Middle East and Africa","2,199,540,359",2016,2199540359,2812807842.27259
"Sales to Middle East and Africa"," 677,024,603 ",2024,677024603,690910129.35115
"Sales to New Zealand","2,314,093",2022,2314093,2513056.02248677
"Other countries breakdown not specified"," 125,235,577 ",2024,125235577,127804112.761964
"Breakdown not specified for any category
"," 81,061,669 ",2024,81061669,82724214.1068987
"Sales to New Zealand"," 27,086,547 ",2024,27086547,27642082.1466749
"Sales to non-government entities in Canadian defence, aerospace or commercial and civil marine sectors (including subcontracts)","1,062,486,426",2020,1062486426,1273432636.12555
"Sales to non-government entities in Canadian defence, aerospace or commercial and civil marine sectors (including subcontracts)","1,378,019,761",2022,1378019761,1496500296.00661
"Domestic breakdown not specified","36,598,528",2022,36598528,39745226.8359788
"Sales to non-government entities in Canadian defence, aerospace or commercial and civil marine sectors (including subcontracts)","728,396,872",2016,728396872,931485719.489097
"Sales to non-government entities in Canadian defence, aerospace, marine and cybersecurity sectors (including subcontracts)"," 2,007,772,427 ",2024,2007772427,2048951103.25295
"Sales to non-government entities in Canadian defence, aerospace, marine and cybersecurity sectors (including subcontracts)","744,198,009",2018,744198009,916021837.164917
"Sales to non-government entities in U.S. defence, aerospace or commercial and civil marine sectors (including subcontracts)","1,369,660,858",2020,1369660858,1641593524.69781
"Sales to non-government entities in U.S. defence, aerospace or commercial and civil marine sectors (including subcontracts)","2,122,704,273",2022,2122704273,2305211915.51984
"Sales to non-government entities in U.S. defence, aerospace or commercial and civil marine sectors (including subcontracts)","1,293,029,534",2016,1293029534,1653547114.35202
"Sales to non-government entities in U.S. defence, aerospace or commercial and civil marine sectors (including subcontracts)"," 2,370,180,029 ",2024,2370180029,2418791552.27968
"Sales to non-government entities in U.S. defence, aerospace, marine and cybersecurity sectors (including subcontracts)","1,455,102,985",2018,1455102985,1791063794.13043
"Sales to other Canadian customers","617,855,734",2020,617855734,740524901.626277
"Sales to other Canadian customers","700,735,568",2022,700735568,760983996.465608
"Sales to other Canadian customers","746,358,488",2018,746358488,918681137.403298
"Other countries breakdown not specified","209,523,659",2022,209523659,227538259.310847
"Breakdown not specified for any category
","57,279,058",2022,57279058,62203844.7328042
"Sales to other Canadian customers","497,478,763",2016,497478763,636183900.970405
"Sales to other Canadian customers"," 714,260,872 ",2024,714260872,728910100.57427
"Sales to other U.S. customers","895,685,077",2020,895685077,1073514522.94453
"Domestic breakdown not specified","166,769,697",2018,166769697,205274244.733133
"Sales to other U.S. customers","875,347,730",2022,875347730,950609108.902116
"Sales to other U.S. customers","669,546,656",2018,669546656,824134639.544228
"Sales to other U.S. customers","266,530,449",2016,266530449,340843455.808411
"Sales to other U.S. customers"," 934,565,212 ",2024,934565212,953732801.804848
"Sales to U.S. federal government","896,689,413",2020,896689413,1074718259.96058
"Sales to U.S. federal government","1,225,838,284",2022,1225838284,1331234432.75661
"Sales to U.S. federal government","359,972,413",2018,359972413,443084484.367316
"Sales to Asia and Oceania","486,871,948",2018,486871948,599283162.38081
"Sales to U.S. federal government","360,270,550",2016,360270550,460719815.498442
"Sales to U.S. federal government"," 1,449,021,002 ",2024,1449021002,1478739891.4133
"Sales to United Kingdom","216,011,845",2020,216011845,258898868.240876
"Sales to United Kingdom","329,996,006",2022,329996006,358368678.473545
"Domestic breakdown not specified","747,983,019",2016,747983019,956532801.556075
"Sales to United Kingdom","187,185,534",2018,187185534,230403783.229385
"Sales to United Kingdom","220,210,016",2016,220210016,281608135.725857
"Sales to United Kingdom"," 314,915,108 ",2024,314915108,321373901.389683
"U.S. export breakdown not specified","42,261,573",2020,42261573,50652191.8729927
"U.S. export breakdown not specified","58,152,514",2022,58152514,63152399.462963
"U.S. export breakdown not specified","70,250,758",2018,70250758,86470573.1904048
"U.S. export breakdown not specified","154,845,156",2016,154845156,198018493.88785
"Sales to Asia and Oceania","655,374,890",2016,655374890,838104025.996885
"U.S. export breakdown not specified"," 150,241,978 ",2024,150241978,153323385.876942
